{
  "n_states": 4,
  "covariance_type": "diag",
  "means": [
    [
      0.0026150528539361875,
      -0.2776658536125998,
      0.012011163565687976,
      -0.5016568651321714
    ],
    [
      0.048063191598713376,
      1.3470087423921218,
      0.3050930920965493,
      1.8027954391609298
    ],
    [
      0.005013512032100409,
      0.17696525895444729,
      -0.06111540690611655,
      0.11527984073905752
    ],
    [
      -0.04451120506343839,
      -0.9189556366280741,
      -0.13539259405597734,
      -0.9016218697694072
    ]
  ],
  "covars": [
    [
      [
        0.805480948976567,
        0.0,
        0.0,
        0.0
      ],
      [
        0.0,
        0.13028803479758289,
        0.0,
        0.0
      ],
      [
        0.0,
        0.0,
        0.28635037780362327,
        0.0
      ],
      [
        0.0,
        0.0,
        0.0,
        0.028998081621911694
      ]
    ],
    [
      [
        1.6309406105517006,
        0.0,
        0.0,
        0.0
      ],
      [
        0.0,
        1.0518003024638793,
        0.0,
        0.0
      ],
      [
        0.0,
        0.0,
        3.3452015619809483,
        0.0
      ],
      [
        0.0,
        0.0,
        0.0,
        0.9577860357045854
      ]
    ],
    [
      [
        1.1829127934907235,
        0.0,
        0.0,
        0.0
      ],
      [
        0.0,
        0.6329684553373418,
        0.0,
        0.0
      ],
      [
        0.0,
        0.0,
        0.9048761938859199,
        0.0
      ],
      [
        0.0,
        0.0,
        0.0,
        0.11883882610562928
      ]
    ],
    [
      [
        0.4836901814935443,
        0.0,
        0.0,
        0.0
      ],
      [
        0.0,
        0.2174713677279807,
        0.0,
        0.0
      ],
      [
        0.0,
        0.0,
        0.17892528679989678,
        0.0
      ],
      [
        0.0,
        0.0,
        0.0,
        0.034070028906972
      ]
    ]
  ],
  "transmat": [
    [
      0.8847974600115578,
      9.574746332615567e-77,
      0.05414335383151592,
      0.0610591861569262
    ],
    [
      2.179695085731412e-101,
      0.9258880804982714,
      0.07411191950172856,
      1.0451724363223908e-116
    ],
    [
      0.059095590823477,
      0.0342640544061755,
      0.90664035476298,
      7.367644415338203e-12
    ],
    [
      0.03503076814947679,
      5.012095590059705e-97,
      0.03134053384377569,
      0.9336286980067474
    ]
  ],
  "startprob": [
    1.0,
    5.975006324630962e-277,
    2.0892138863054063e-105,
    1.0419728716442728e-49
  ],
  "feature_mean": [
    0.00011672863308263747,
    0.00305348323353379,
    0.000589267786836096,
    1.0145513977839995
  ],
  "feature_std": [
    0.003186458037762135,
    0.0009701170338809944,
    0.002995261192560728,
    0.5369233045181122
  ],
  "state_labels": {
    "1": "HIGH_VOL",
    "2": "TREND_UP",
    "3": "TREND_DOWN",
    "0": "RANGE"
  }
}