{
  "run_id": "20260117_103046",
  "timeframe": "3m",
  "n_states": 4,
  "means": [
    [
      -0.012025121367057509,
      -0.157560476133863,
      0.2636342590648917,
      0.16198932991283402,
      0.1019613057051444,
      -0.062317027127220766,
      0.05004656333605146,
      0.02658902392136145,
      0.09597277353312632
    ],
    [
      0.0038894674875708797,
      -0.034075222865104324,
      -0.8941387400899528,
      -0.8181507490541704,
      -0.7029949990809238,
      0.9533246350168155,
      -0.561678623291538,
      -0.6098071909136725,
      -0.46868587024591873
    ],
    [
      -0.013176513808208532,
      -0.04693021154624602,
      -0.911296655237122,
      -0.8269679306007535,
      -0.6946878985374669,
      -0.7749032007955224,
      0.4676117641729348,
      0.48467012604148446,
      -0.7145679768158498
    ],
    [
      0.03481915533801144,
      0.40423701373763354,
      1.46604779060271,
      1.4917719858715834,
      1.3380420922137541,
      -0.01414137626546831,
      -0.03084064083271947,
      0.04804838701194557,
      1.122029704152157
    ]
  ],
  "covars": [
    [
      0.8281749849705368,
      0.6954495413773379,
      0.21695951840411398,
      0.1459317097448132,
      0.21688704193846972,
      0.9480459595322919,
      0.9859596144092034,
      0.9540357319120116,
      0.5244478291760549
    ],
    [
      0.4623287744726589,
      0.10598755189585855,
      0.0971021201595109,
      0.07843444151516447,
      0.041979581669014124,
      0.25764171648529566,
      0.2794146286429874,
      0.2320467484335936,
      0.2041029547455045
    ],
    [
      0.039326299276079266,
      0.10104423705048175,
      0.096078940296462,
      0.07819979704400389,
      0.04572109654636509,
      0.39375894996198435,
      1.3248638233218262,
      1.2728959136436027,
      0.0732388954839308
    ],
    [
      3.0083408412704706,
      3.369137779926035,
      0.4688388533248918,
      0.966917430691742,
      1.7840199469755365,
      0.9242924663456704,
      0.8373885467096844,
      0.9343026285200292,
      1.7610664662918292
    ]
  ],
  "transmat": [
    [
      0.9795107001158231,
      0.0026564133086473493,
      0.005874221335353145,
      0.011958665240176435
    ],
    [
      0.006782614479577918,
      0.4969681902875346,
      0.4945054472817252,
      0.0017437479511622387
    ],
    [
      0.006897294737679796,
      0.4682660295323739,
      0.5243419992235556,
      0.0004946765063907309
    ],
    [
      0.025799861582938104,
      3.002288959312041e-33,
      0.0004929927529875128,
      0.9737071456640745
    ]
  ],
  "startprob": [
    0.0,
    1.0,
    1.0522592084870868e-61,
    0.0
  ],
  "feature_names": [
    "ret_3m",
    "ewm_ret_15m",
    "atr_pct_15m",
    "ewm_std_ret_15m",
    "bb_width_15m",
    "body_ratio",
    "upper_wick_ratio",
    "lower_wick_ratio",
    "range_pct"
  ],
  "covariance_type": "diag",
  "train_start": "2025-12-27T15:15:00",
  "train_end": "2026-01-17T10:30:00",
  "n_samples": 9986,
  "log_likelihood": -85830.0220212875,
  "state_labels": {
    "1": "TRANSITION",
    "0": "RANGE",
    "2": "TREND_DOWN",
    "3": "TREND_UP"
  },
  "created_at": "2026-01-17T10:30:47.928151"
}