{
  "run_id": "20260117_105057",
  "timeframe": "3m",
  "n_states": 4,
  "means": [
    [
      0.035413420256310196,
      0.40714536619329916,
      1.4654756141466163,
      1.4925672450473926,
      1.3393227103476226,
      -0.014605837201953097,
      -0.03088927451105841,
      0.04868911723757697,
      1.1223303760169023
    ],
    [
      -0.012932369821359403,
      -0.048221846286588835,
      -0.9096336278406586,
      -0.8257782626806963,
      -0.6940463981424585,
      -0.7736611255427178,
      0.4681625002288125,
      0.4828401378998303,
      -0.713656833085262
    ],
    [
      -0.012168221956613845,
      -0.1566910374669739,
      0.26599651728407425,
      0.16344040691981476,
      0.10309300274937692,
      -0.06258090593313245,
      0.049904945756304685,
      0.02706764535316297,
      0.09689578066837466
    ],
    [
      0.0033857169387071615,
      -0.03673371581171119,
      -0.8945527026217016,
      -0.8180825582128932,
      -0.7029202316862125,
      0.9537279605037285,
      -0.5624726352320985,
      -0.6098156343500832,
      -0.46803046456312625
    ]
  ],
  "covars": [
    [
      3.0091868883668735,
      3.370597400375501,
      0.46698714177431616,
      0.9662593867419214,
      1.7847134860283074,
      0.9244953808122436,
      0.8376467760081893,
      0.9353922231490003,
      1.7625104629266848
    ],
    [
      0.03959193481060052,
      0.10052632003558126,
      0.09847556322734734,
      0.07903126618212578,
      0.04580429047832115,
      0.39413651657102855,
      1.3228509763474272,
      1.2707073344359312,
      0.07360763115389557
    ],
    [
      0.8295090164922893,
      0.6973047649453635,
      0.21599869916358963,
      0.14567953489873106,
      0.21669861637686344,
      0.9482363534524639,
      0.986075636295372,
      0.9549141974108578,
      0.5255010330659183
    ],
    [
      0.46350816536027095,
      0.10505560802593696,
      0.10051954775006494,
      0.07944565276308621,
      0.042023917806927,
      0.25757471677454635,
      0.27856492247782905,
      0.23249795620913286,
      0.20438498916015352
    ]
  ],
  "transmat": [
    [
      0.9737432266429515,
      0.0004980654573255422,
      0.025758707899722847,
      2.7465047127813667e-73
    ],
    [
      0.0004929977263825,
      0.5248514751159287,
      0.006870048978925019,
      0.4677854781787638
    ],
    [
      0.011941209735846586,
      0.0059498554860652675,
      0.9795048934961643,
      0.002604041281923793
    ],
    [
      0.0017353370417942306,
      0.4944789292829797,
      0.006827387595257507,
      0.4969583460799684
    ]
  ],
  "startprob": [
    0.0,
    5.8187581112115216e-145,
    0.0,
    1.0
  ],
  "feature_names": [
    "ret_3m",
    "ewm_ret_15m",
    "atr_pct_15m",
    "ewm_std_ret_15m",
    "bb_width_15m",
    "body_ratio",
    "upper_wick_ratio",
    "lower_wick_ratio",
    "range_pct"
  ],
  "covariance_type": "diag",
  "train_start": "2025-12-27T15:30:00",
  "train_end": "2026-01-17T10:48:00",
  "n_samples": 9987,
  "log_likelihood": -85883.57531719678,
  "state_labels": {
    "3": "TRANSITION",
    "2": "RANGE",
    "1": "TREND_DOWN",
    "0": "TREND_UP"
  },
  "created_at": "2026-01-17T10:50:58.820924"
}