{
  "run_id": "20260117_224343",
  "timeframe": "3m",
  "n_states": 4,
  "means": [
    [
      -0.005746201164952605,
      -0.02269226171627311,
      -0.8470692247071511,
      -0.7813138738122962,
      -0.6287452959156391,
      -0.712224839235767,
      0.42186346755334897,
      0.4384550337627913,
      -0.6534600493171808
    ],
    [
      -0.011130747226207296,
      -0.09569279505727525,
      0.2291244520882055,
      0.13229858716869597,
      0.04390814855788026,
      -0.04064160582187893,
      0.03395031335949709,
      0.015101404888693526,
      0.056740028933051696
    ],
    [
      0.007794870932449632,
      -0.006809301151927474,
      -0.838826375787627,
      -0.7754106106674526,
      -0.6287624731503311,
      0.9743357588090298,
      -0.5799783367226348,
      -0.5969403383314701,
      -0.3510814691166282
    ],
    [
      0.019240775316580125,
      0.20450406980011976,
      1.4899627756659677,
      1.5157119856959889,
      1.3350295666337304,
      0.009571457173210963,
      -0.0203109570465757,
      0.008809388845574806,
      1.0697946063656982
    ]
  ],
  "covars": [
    [
      0.05509013446493444,
      0.12754281985404342,
      0.1488778319738674,
      0.10974057372835744,
      0.05463076124535698,
      0.39125297887386973,
      1.2223782856759824,
      1.1892259112266916,
      0.09985530734471425
    ],
    [
      0.7840093771340928,
      0.6498838093032864,
      0.20351957220963732,
      0.1530700534241896,
      0.2110304729211709,
      0.9694526722171496,
      0.9924833082104622,
      0.964037034191644,
      0.4717486556235029
    ],
    [
      0.6643428386154273,
      0.1419265558974959,
      0.1444653115539638,
      0.10790589192347237,
      0.054368711982934616,
      0.2737099316239214,
      0.284211121959378,
      0.2706022420321855,
      0.3060051726117358
    ],
    [
      2.903599698814917,
      3.5062967811519883,
      0.41351724486603686,
      0.8085044890339468,
      1.8451847520420075,
      0.9591193348621216,
      0.8799889843479385,
      0.949791941131778,
      1.942982965915748
    ]
  ],
  "transmat": [
    [
      0.5651249168045299,
      0.005106328488090104,
      0.4289809131187296,
      0.0007878415886503651
    ],
    [
      0.005835986157279426,
      0.9774197044987638,
      0.0038982082207120006,
      0.012846101123244719
    ],
    [
      0.5458871453469731,
      0.008265882392988278,
      0.4442945447853021,
      0.001552427474736344
    ],
    [
      8.707947782026026e-05,
      0.025334350035380992,
      5.015789420873075e-13,
      0.9745785704862973
    ]
  ],
  "startprob": [
    0.0,
    0.0,
    0.0,
    1.0
  ],
  "feature_names": [
    "ret_3m",
    "ewm_ret_15m",
    "atr_pct_15m",
    "ewm_std_ret_15m",
    "bb_width_15m",
    "body_ratio",
    "upper_wick_ratio",
    "lower_wick_ratio",
    "range_pct"
  ],
  "covariance_type": "diag",
  "train_start": "2025-11-23T03:30:00",
  "train_end": "2026-01-17T22:42:00",
  "n_samples": 26785,
  "log_likelihood": -238337.65363160416,
  "state_labels": {
    "2": "TRANSITION",
    "1": "RANGE",
    "0": "TREND_DOWN",
    "3": "TREND_UP"
  },
  "created_at": "2026-01-17T22:43:46.573155"
}