{
  "run_id": "20260117_122107",
  "timeframe": "3m",
  "n_states": 4,
  "means": [
    [
      -0.012432306764019815,
      -0.15668777235146025,
      0.265658587118728,
      0.16295648244764685,
      0.10306620806514177,
      -0.06231237404347499,
      0.04979347758019729,
      0.026887580624942144,
      0.09607737126440613
    ],
    [
      0.004205951624757114,
      -0.03661060593728085,
      -0.8946976629755362,
      -0.8179937516503664,
      -0.702914788855871,
      0.9583403746199175,
      -0.5631292260752497,
      -0.6150600046143605,
      -0.4671779531220044
    ],
    [
      -0.012918712637302572,
      -0.04798863912234636,
      -0.9095452031483429,
      -0.8256456337723037,
      -0.694137929166213,
      -0.7686698565938794,
      0.4631560346438329,
      0.48191549655374927,
      -0.7117899736005914
    ],
    [
      0.03514798691086492,
      0.40667709065631025,
      1.4659058569950005,
      1.4929190774289671,
      1.339035472176045,
      -0.014287122489907001,
      -0.031067596554456435,
      0.04841108056938019,
      1.1222308464852335
    ]
  ],
  "covars": [
    [
      0.8287637739510904,
      0.6970424239014068,
      0.21611628626953813,
      0.14573010765478137,
      0.21667960147458604,
      0.948484411928618,
      0.9884181256061327,
      0.953907491338767,
      0.5255405740379768
    ],
    [
      0.46659437226908707,
      0.10505811545907714,
      0.09939387943345167,
      0.07826373075578175,
      0.042039500722665324,
      0.25459833780467594,
      0.2765902028646688,
      0.22724358520514087,
      0.20459977163507953
    ],
    [
      0.0404411461794785,
      0.10047185067716066,
      0.09716969927775794,
      0.07767956706112228,
      0.0457972165954465,
      0.39684941015153635,
      1.3173173308303168,
      1.267892039939944,
      0.07492616550397307
    ],
    [
      3.00862027198593,
      3.3708415599414097,
      0.4677219584710711,
      0.9678065992422545,
      1.7845867066463905,
      0.924751340545428,
      0.8397395746337595,
      0.9344823182770785,
      1.7634154771697
    ]
  ],
  "transmat": [
    [
      0.9795103359162343,
      0.0025754269904454843,
      0.0059622846829041586,
      0.011951952410415967
    ],
    [
      0.0067790201095175,
      0.4934015866132567,
      0.49807119728796034,
      0.0017481959892654052
    ],
    [
      0.0068828547850357195,
      0.4654919272709049,
      0.5271310930150443,
      0.0004941249290150172
    ],
    [
      0.02577422656535864,
      1.723848134747728e-32,
      0.0005020573297232325,
      0.9737237161049181
    ]
  ],
  "startprob": [
    0.0,
    1.0,
    3.142257883401956e-223,
    0.0
  ],
  "feature_names": [
    "ret_3m",
    "ewm_ret_15m",
    "atr_pct_15m",
    "ewm_std_ret_15m",
    "bb_width_15m",
    "body_ratio",
    "upper_wick_ratio",
    "lower_wick_ratio",
    "range_pct"
  ],
  "covariance_type": "diag",
  "train_start": "2025-12-27T17:00:00",
  "train_end": "2026-01-17T12:21:00",
  "n_samples": 9988,
  "log_likelihood": -85851.25390593141,
  "state_labels": {
    "1": "TRANSITION",
    "0": "RANGE",
    "2": "TREND_DOWN",
    "3": "TREND_UP"
  },
  "created_at": "2026-01-17T12:21:08.227757"
}