{
  "run_id": "20260117_104431",
  "timeframe": "3m",
  "n_states": 4,
  "means": [
    [
      0.007579741618821622,
      0.008500567222679358,
      -0.7747464501552598,
      -0.7222985014448075,
      -0.6297394109430594,
      0.9820442882417078,
      -0.5874195960661233,
      -0.6112206622368527,
      -0.38290621277797804
    ],
    [
      0.026940666535608327,
      0.4295238333821619,
      1.6553242489257212,
      1.6626675507789075,
      1.4595698184427546,
      -0.019791286572709815,
      -0.03000083296514112,
      0.05404708776412231,
      1.2779448227874488
    ],
    [
      -0.0036645549772357207,
      -0.004256685880366242,
      -0.7733692863218439,
      -0.7152333154154148,
      -0.6177298136194639,
      -0.7309860182981393,
      0.4411618261966114,
      0.4510580058107933,
      -0.6319833100148452
    ],
    [
      -0.0141167182978472,
      -0.1943595016599793,
      0.33932703676323017,
      0.25856232484214625,
      0.21654301192361777,
      -0.06468263153861953,
      0.05444467472524182,
      0.024545578805537076,
      0.1510361454227679
    ]
  ],
  "covars": [
    [
      0.5858539529603906,
      0.13479892202552426,
      0.1283355631034943,
      0.10627284734357734,
      0.061563816688040444,
      0.2234245127694745,
      0.23383281895975536,
      0.2159520093225141,
      0.2551747724893349
    ],
    [
      3.436982129023278,
      3.9021196594105363,
      0.600303567506709,
      1.1296145118765542,
      2.0454562603923874,
      0.9178127087941825,
      0.8310447459509052,
      0.9218904362214407,
      2.0034299825116095
    ],
    [
      0.05729807875900865,
      0.13004454035860127,
      0.13243808597192497,
      0.11017701138894308,
      0.06357945334361417,
      0.4162435619900624,
      1.2665913681933907,
      1.2438075945911653,
      0.10353792376942755
    ],
    [
      0.8870789145941091,
      0.7920284592047685,
      0.2150477723197153,
      0.16218913761047762,
      0.29817503806960516,
      0.9499286682992708,
      0.9919168517453776,
      0.956498347063402,
      0.5557235834046385
    ]
  ],
  "transmat": [
    [
      0.4609894332022456,
      0.0015647979683041913,
      0.5292609330804294,
      0.008184835749020753
    ],
    [
      1.6027609073436978e-10,
      0.9661848285537918,
      0.0005341748067678581,
      0.03328099647916416
    ],
    [
      0.45091508313266715,
      0.0009688136679292515,
      0.5429352024773387,
      0.005180900722064856
    ],
    [
      0.002840670670108206,
      0.013396118351263088,
      0.008008995862052112,
      0.9757542151165767
    ]
  ],
  "startprob": [
    4.2170804488092674e-209,
    8.001858457162845e-93,
    4.977354514099514e-265,
    1.0
  ],
  "feature_names": [
    "ret_3m",
    "ewm_ret_15m",
    "atr_pct_15m",
    "ewm_std_ret_15m",
    "bb_width_15m",
    "body_ratio",
    "upper_wick_ratio",
    "lower_wick_ratio",
    "range_pct"
  ],
  "covariance_type": "diag",
  "train_start": "2025-12-20T15:30:00",
  "train_end": "2026-01-17T10:42:00",
  "n_samples": 13345,
  "log_likelihood": -116643.35812435643,
  "state_labels": {
    "0": "TRANSITION",
    "3": "RANGE",
    "2": "TREND_DOWN",
    "1": "TREND_UP"
  },
  "created_at": "2026-01-17T10:44:33.405994"
}