{
  "run_id": "20260117_134111",
  "timeframe": "3m",
  "n_states": 4,
  "means": [
    [
      0.013877697712664958,
      -0.004130011024571494,
      -0.665380662717217,
      -0.6161387156723307,
      -0.5584447280512835,
      -0.7709927283673392,
      1.3938237193111107,
      -0.45594223803784695,
      -0.5939645084204862
    ],
    [
      -0.03129658984362996,
      -0.009768146004366663,
      -0.6700450391477916,
      -0.6221380267196122,
      -0.5574641428069014,
      -0.7313012796458995,
      -0.4207097530798029,
      1.298628631349663,
      -0.5847810977948857
    ],
    [
      0.014032493727272369,
      0.01227974500612725,
      -0.6599894592603462,
      -0.6165644697728697,
      -0.5625263152709986,
      0.9409453855566521,
      -0.5348426114665882,
      -0.6019637152423151,
      -0.32005570725496096
    ],
    [
      -0.0014340335624350086,
      -0.002398822089517515,
      0.904760906220304,
      0.8418298970228315,
      0.7628080004311584,
      -0.031106310159547887,
      0.0077947403675573375,
      0.029720197141271127,
      0.6349263818150344
    ]
  ],
  "covars": [
    [
      0.05739211760718255,
      0.14889623377691036,
      0.1925153727573385,
      0.15805186619433087,
      0.0884948034923195,
      0.3735876878378182,
      0.5324360226205743,
      0.32827646505818847,
      0.11439228664189888
    ],
    [
      0.062002745786897746,
      0.14062671045270833,
      0.18825696195910901,
      0.15374544376946717,
      0.08929784865854398,
      0.38032845743730664,
      0.34607916262333516,
      0.5055168812087469,
      0.11588874700191411
    ],
    [
      0.6566145809530523,
      0.1528121217390984,
      0.18583259604214158,
      0.15453058842233605,
      0.08616251802266388,
      0.2626137065013038,
      0.2886631341027638,
      0.24206262686378463,
      0.27615911420492456
    ],
    [
      1.9084838246767555,
      2.1599158553787636,
      0.6860819678768046,
      0.9217009124323453,
      1.2336136601392957,
      0.9511166775271432,
      0.9328571079261115,
      0.9445981780987238,
      1.3813952656799977
    ]
  ],
  "transmat": [
    [
      0.23624835821131143,
      0.28899788053188546,
      0.468255284234148,
      0.0064984770226551155
    ],
    [
      0.2770011290388476,
      0.27514529031827784,
      0.4372222940395978,
      0.010631286603276958
    ],
    [
      0.25232557370468117,
      0.28279043202788895,
      0.45505990607920754,
      0.00982408818822233
    ],
    [
      0.0030705293979760347,
      0.004487451494208855,
      0.004969201745330755,
      0.9874728173624844
    ]
  ],
  "startprob": [
    1.4671204579941867e-236,
    1.905205773141812e-288,
    1.0,
    5.020642038228955e-299
  ],
  "feature_names": [
    "ret_3m",
    "ewm_ret_15m",
    "atr_pct_15m",
    "ewm_std_ret_15m",
    "bb_width_15m",
    "body_ratio",
    "upper_wick_ratio",
    "lower_wick_ratio",
    "range_pct"
  ],
  "covariance_type": "diag",
  "train_start": "2025-12-20T18:15:00",
  "train_end": "2026-01-17T13:39:00",
  "n_samples": 13349,
  "log_likelihood": -125615.78580020119,
  "state_labels": {
    "0": "TRANSITION",
    "3": "RANGE",
    "1": "TREND_DOWN",
    "2": "TREND_UP"
  },
  "created_at": "2026-01-17T13:41:12.624113"
}