{
  "run_id": "20260117_025953",
  "timeframe": "3m",
  "n_states": 4,
  "means": [
    [
      -0.012809571115393797,
      -0.042889097428851095,
      -0.9091145322637978,
      -0.8258371195432289,
      -0.6946288063124442,
      -0.7669341522545813,
      0.4666931095664625,
      0.47587175663946185,
      -0.7107465471801983
    ],
    [
      0.036182318022131406,
      0.4074826053570922,
      1.4648283664787078,
      1.492886173085498,
      1.3411825642277206,
      -0.01579738124487461,
      -0.029976793149760705,
      0.049264260417497346,
      1.1225913977295534
    ],
    [
      0.0042037664095103235,
      -0.03413088372958599,
      -0.8935299754644499,
      -0.8177276279421334,
      -0.7032751124523486,
      0.9582482160874335,
      -0.5686028670804585,
      -0.6090409297368788,
      -0.4691338077113718
    ],
    [
      -0.012978346439430914,
      -0.16103017680267234,
      0.27106163567844,
      0.16820098925466556,
      0.10695260273086381,
      -0.06303001463963884,
      0.05040271138115636,
      0.027100228365920895,
      0.1001343098180559
    ]
  ],
  "covars": [
    [
      0.04054686129132417,
      0.10081374774713245,
      0.10302660457780029,
      0.08342069786009922,
      0.04885070296664578,
      0.3982825772737092,
      1.3183024210924368,
      1.2708011105574126,
      0.07568973765658793
    ],
    [
      3.01163704759365,
      3.3714009488883887,
      0.4637967665156835,
      0.9606242856372205,
      1.7785757448804964,
      0.9258693629325888,
      0.8381430249875885,
      0.9369964961051478,
      1.762361254373442
    ],
    [
      0.464321002055098,
      0.10524982133911957,
      0.10347311827339672,
      0.0821386277462955,
      0.044207658741713764,
      0.2521003472326165,
      0.27059220077145724,
      0.2312560010255509,
      0.20636524277415322
    ],
    [
      0.8332871570153922,
      0.7010338246367038,
      0.21362533183514712,
      0.14423221563682015,
      0.2157497159185825,
      0.9494650302337799,
      0.9861742231275628,
      0.9557002077571886,
      0.5267650883430257
    ]
  ],
  "transmat": [
    [
      0.5248886746354567,
      0.0004929213423618016,
      0.4678205030273474,
      0.006797900994834153
    ],
    [
      0.0005047053124905791,
      0.9738256439502361,
      6.1029011630829485e-24,
      0.025669650737273304
    ],
    [
      0.49954865370703,
      0.001749947649522872,
      0.4917145700956531,
      0.006986828547793976
    ],
    [
      0.006149828890581575,
      0.011888848923837828,
      0.0024968396820720935,
      0.9794644825035085
    ]
  ],
  "startprob": [
    1.0,
    0.0,
    6.754001494825721e-281,
    0.0
  ],
  "feature_names": [
    "ret_3m",
    "ewm_ret_15m",
    "atr_pct_15m",
    "ewm_std_ret_15m",
    "bb_width_15m",
    "body_ratio",
    "upper_wick_ratio",
    "lower_wick_ratio",
    "range_pct"
  ],
  "covariance_type": "diag",
  "train_start": "2025-12-27T07:45:00",
  "train_end": "2026-01-17T02:57:00",
  "n_samples": 9985,
  "log_likelihood": -86077.39357556308,
  "state_labels": {
    "0": "RANGE",
    "3": "TRANSITION",
    "2": "TREND_DOWN",
    "1": "TREND_UP"
  },
  "created_at": "2026-01-17T02:59:55.174428"
}