{
  "run_id": "20260117_105220",
  "timeframe": "3m",
  "n_states": 4,
  "means": [
    [
      0.035137581744519975,
      0.406209294784851,
      1.4650026967325995,
      1.4919584851419811,
      1.3386240117627104,
      -0.014460933290754133,
      -0.03100124933954023,
      0.048623130955566043,
      1.1223112260161225
    ],
    [
      0.002921077937605212,
      -0.03694797326227689,
      -0.8947314360218647,
      -0.8182231971875671,
      -0.7029901770482158,
      0.9472053152425614,
      -0.5586834650063628,
      -0.605602229180502,
      -0.4690330347018983
    ],
    [
      -0.011814991038429557,
      -0.15622792246771497,
      0.26521545913863137,
      0.16276251424105742,
      0.10255814644092255,
      -0.0625742452622197,
      0.049882911446165065,
      0.027082377478491383,
      0.09638531549995735
    ],
    [
      -0.013015397400866727,
      -0.048268599133617314,
      -0.9103706114727476,
      -0.8263481168719694,
      -0.6943785047126743,
      -0.7810163100175597,
      0.4727262793349139,
      0.48732999630626656,
      -0.7154439599181158
    ]
  ],
  "covars": [
    [
      3.0090010058591683,
      3.3707126706506347,
      0.4669215590615343,
      0.9661335833564356,
      1.7842741370331636,
      0.9245419715174132,
      0.8376729083058015,
      0.9354742314355375,
      1.761811872677221
    ],
    [
      0.4601099230857469,
      0.10503667578796887,
      0.10037283594851643,
      0.07930659766910286,
      0.04193873857190806,
      0.2614121316240584,
      0.2828950897385369,
      0.23670807029373186,
      0.2034369415493656
    ],
    [
      0.8288033246276081,
      0.6963114188963305,
      0.2162005052223868,
      0.14586934670462862,
      0.21678929996999496,
      0.9483811477347761,
      0.9863277279478204,
      0.9552576415823295,
      0.5248347643867316
    ],
    [
      0.038663030649013,
      0.10035494620380607,
      0.09836680794044175,
      0.0789108750310241,
      0.0457352152402526,
      0.38942305843407604,
      1.3257130192501296,
      1.2738217674995136,
      0.07273158074462435
    ]
  ],
  "transmat": [
    [
      0.9737140781347717,
      7.186456700506801e-47,
      0.025791196337903853,
      0.0004947255273243386
    ],
    [
      0.0017164521594299309,
      0.5010631391139575,
      0.006706446564065287,
      0.4905139621625473
    ],
    [
      0.011962795440869515,
      0.0026383957352532957,
      0.9795279424188678,
      0.005870866405009317
    ],
    [
      0.0004950734110472417,
      0.4714382832846605,
      0.00693073351762925,
      0.521135909786663
    ]
  ],
  "startprob": [
    0.0,
    1.0,
    0.0,
    2.0325643584292211e-230
  ],
  "feature_names": [
    "ret_3m",
    "ewm_ret_15m",
    "atr_pct_15m",
    "ewm_std_ret_15m",
    "bb_width_15m",
    "body_ratio",
    "upper_wick_ratio",
    "lower_wick_ratio",
    "range_pct"
  ],
  "covariance_type": "diag",
  "train_start": "2025-12-27T15:30:00",
  "train_end": "2026-01-17T10:51:00",
  "n_samples": 9988,
  "log_likelihood": -85890.88616530049,
  "state_labels": {
    "1": "TRANSITION",
    "2": "RANGE",
    "3": "TREND_DOWN",
    "0": "TREND_UP"
  },
  "created_at": "2026-01-17T10:52:21.744031"
}